<?xml version="1.0" encoding="UTF-8"?>
<!DOCTYPE mapper PUBLIC "-//mybatis.org//DTD Mapper 3.0//EN" "http://mybatis.org/dtd/mybatis-3-mapper.dtd" >
<mapper namespace="skp.bo.api.jira.mapper.JiraTicketMapper">

	<insert id="insertTicketInfo" parameterType="skp.bo.api.jira.vo.TicketInfoVO">
	<![CDATA[
		INSERT INTO
			api_ticket_info
			(
			 TICKET_ID
			, TICKET_KEY
			, CORP_GUBUN
			, SUMMARY
			, DESCRIPTION
			, CATEGORY
			, DIVISION
			, SECTION
			, STATUS
			, PRIORITY
			, DUE_DATE
			, RESOLUTION
			, RESOLUTION_DATE
			, COMPONENTS
			, LABELS
			, REPORTER_KEY
			, REPORTER_NAME
			, ASSIGNEE_KEY
			, ASSIGNEE_NAME
			, APPROVER_KEY
			, APPROVER_NAME
			, CREATE_DATE
			, UPDATE_DATE
			, TAG_NO
			, PC_USER_ID
			, PC_ADMIN_ID
			, USE_LOCATION
			, USE_LOCATION_FLOOR
			, MACHIN_TYPE
			, RETURN_PLAN_DATE
			, USAGE_TYPE
			, SW_MANAGEMENT_NO
			, SWL_ASSET_KEY
			, CHANGE_TAG_NO
			, RETURN_TAG_NO
			)
		VALUES
			(
			 #{ticketId}
			, #{ticketKey}
			, #{corpGubun}
			, #{summary}
			, #{description}
			, #{category}
			, #{division}
			, #{section}
			, #{status}
			, #{priority}
			, #{dueDate}
			, #{resolution}
			, #{resolutionDate}
			, #{components}
			, #{labels}
			, #{reporterKey}
			, #{reporterName}
			, #{assigneeKey}
			, #{assigneeName}
			, #{approverKey}
			, #{approverName}
			, #{createDate}
			, #{updateDate}
			, #{tagNo}
			, #{pcUserId}
			, #{pcAdminId}
			, #{useLocation}
			, #{useLocationFloor}
			, #{machinType}
			, #{returnPlanDate}
			, #{usageType}
			, #{swManagementNo}
			, #{swlAssetKey}
			, #{changeTagNo}
			, #{returnTagNo}
			)
	]]>
	</insert>

	<update id="updateTicketInfo" parameterType="skp.bo.api.jira.vo.TicketInfoVO">
		UPDATE
			api_ticket_info
		SET
		<![CDATA[
			SUMMARY = #{summary}
			, DESCRIPTION = #{description}
			, CATEGORY = #{category}
			, DIVISION = #{division}
			, SECTION = #{section}
			, STATUS = #{status}
			, PRIORITY = #{priority}
			, DUE_DATE = #{dueDate}
			, RESOLUTION = #{resolution}
			, RESOLUTION_DATE = #{resolutionDate}
			, COMPONENTS = #{components}
			, LABELS = #{labels}
			, REPORTER_KEY = #{reporterKey}
			, REPORTER_NAME = #{reporterName}
			, ASSIGNEE_KEY = #{assigneeKey}
			, ASSIGNEE_NAME = #{assigneeName}
			, APPROVER_KEY = #{approverKey}
			, APPROVER_NAME = #{approverName}
			, UPDATE_DATE = NOW()
			, PC_USER_ID = #{pcUserId}
			, PC_ADMIN_ID = #{pcAdminId}
			, USE_LOCATION = #{useLocation}
			, USE_LOCATION_FLOOR = #{useLocationFloor}
			, MACHIN_TYPE = #{machinType}
			, RETURN_PLAN_DATE = #{returnPlanDate}
			, USAGE_TYPE = #{usageType}
			, SW_MANAGEMENT_NO = #{swManagementNo}
			, SWL_ASSET_KEY = #{swlAssetKey}
			, CHANGE_TAG_NO = #{changeTagNo}
			, RETURN_TAG_NO = #{returnTagNo}
		]]>
			<if test="tagNo != null">
			, TAG_NO = #{tagNo}
			</if>
		WHERE
			TICKET_ID = #{ticketId}
			AND CORP_GUBUN = #{corpGubun}
	</update>

	<update id="updateTicketStatus" parameterType="skp.bo.api.jira.vo.TicketInfoVO">
		UPDATE
			api_ticket_info
		SET
			STATUS = #{status}
			<if test="resolution != null">
			, RESOLUTION = #{resolution}
			, RESOLUTION_DATE = NOW()
			</if>
			, UPDATE_DATE = NOW()
		WHERE
		TICKET_ID = #{ticketId}
		AND CORP_GUBUN = #{corpGubun}
	</update>

	<sql id="api_ticket_info">
		SELECT
			TICKET_ID
			,TICKET_ID
			,TICKET_KEY
			,CORP_GUBUN
			,SUMMARY
			,DESCRIPTION
			,CATEGORY
			,DIVISION
			,SECTION
			,STATUS
			,PRIORITY
			,DUE_DATE
			,RESOLUTION
			,RESOLUTION_DATE
			,COMPONENTS
			,LABELS
			,REPORTER_KEY
			,REPORTER_NAME
			,ASSIGNEE_KEY
			,ASSIGNEE_NAME
			,APPROVER_KEY
			,APPROVER_NAME
			,CREATE_DATE
			,UPDATE_DATE
			, TAG_NO
			, PC_USER_ID
			, USE_LOCATION
			, USE_LOCATION_FLOOR
			, MACHIN_TYPE
			, USAGE_TYPE
			, SW_MANAGEMENT_NO
			, SWL_ASSET_KEY
		FROM api_ticket_info
	</sql>

	<select id="selectTicketInfo" parameterType="skp.bo.api.jira.vo.TicketInfoVO" resultType="skp.bo.api.jira.vo.TicketInfoVO">
		<include refid="api_ticket_info"/>
		WHERE
			TICKET_ID = #{ticketId}
			AND CORP_GUBUN = #{corpGubun}
	</select>

	<select id="selectTicketInfoByTagNo" parameterType="skp.bo.api.jira.vo.TicketInfoVO" resultType="skp.bo.api.jira.vo.TicketInfoVO">
		<include refid="api_ticket_info"/>
		WHERE
			TAG_NO = #{tagNo}
			<if test="status != null">
			AND STATUS = #{status}
			</if>
		ORDER BY TICKET_ID DESC
		LIMIT 1
	</select>

	<select id="selectCheckTicketList"  resultType="skp.bo.api.jira.vo.TicketInfoVO">
		<include refid="api_ticket_info"/>
		WHERE
			RESOLUTION IS NULL
		AND STATUS NOT IN ('작업중', '재검토','종료','취소')
		AND CREATE_DATE > DATE_ADD(NOW(), INTERVAL -4 WEEK)
		AND DIVISION NOT LIKE '외부PC 사용신청'
		ORDER BY TICKET_ID ASC
	</select>

	<sql id="api_ticket_comment">
		SELECT
			COMMENT_ID
			, TICKET_ID
			, CREATOR_KEY
			, CREATOR_NAME
			, CONTENTS
			, CREATE_DATE
			, UPDATE_DATE
		FROM api_ticket_comment
	</sql>

	<select id="selectTicketCommentInfo" parameterType="skp.bo.api.jira.vo.TicketCommentVO" resultType="skp.bo.api.jira.vo.TicketCommentVO">
		<include refid="api_ticket_comment"/>
		<where>
			<if test="ticketId != null">
				TICKET_ID = #{ticketId}
			</if>
			<if test="commentId != null">
				AND COMMENT_ID = #{commentId}
			</if>
			<if test="corpGubun != null">
				AND CORP_GUBUN = #{corpGubun}
			</if>
		</where>
	</select>

	<select id="selectTicketCommentList" parameterType="skp.bo.api.jira.vo.TicketCommentVO" resultType="skp.bo.api.jira.vo.TicketCommentVO">
		<include refid="api_ticket_comment"></include>
		<where>
			<if test="ticketId != null">
				TICKET_ID = #{ticketId}
			</if>
			<if test="commentId != null">
				AND COMMENT_ID = #{commentId}
			</if>
			<if test="corpGubun != null">
				AND CORP_GUBUN = #{corpGubun}
			</if>
		</where>
	</select>

	<insert id="insertTicketComment" parameterType="skp.bo.api.jira.vo.TicketCommentVO">
	<![CDATA[
		INSERT INTO
			api_ticket_comment
			(
			 COMMENT_ID
			, TICKET_ID
			, CORP_GUBUN
			, CREATOR_KEY
			, CREATOR_NAME
			, CONTENTS
			, CREATE_DATE
			, UPDATE_DATE
			)
		VALUES
			(
			 #{commentId}
			, #{ticketId}
			, #{corpGubun}
			, #{creatorKey}
			, #{creatorName}
			, #{contents}
			, #{createDate}
			, #{updateDate}
			)
	]]>
	</insert>

	<update id="updateTicketComment" parameterType="skp.bo.api.jira.vo.TicketCommentVO">
		UPDATE
			api_ticket_comment
		SET
		<![CDATA[
			CREATOR_KEY = #{creatorKey}
			, CREATOR_NAME = #{creatorName}
			, CONTENTS = #{contents}
			, UPDATE_DATE = NOW()
		]]>
		WHERE
			COMMENT_ID = #{commentId}
			AND CORP_GUBUN = #{corpGubun}
	</update>

	<insert id="insertAttachment" parameterType="skp.bo.api.jira.vo.AttachmentVO">
	<![CDATA[
		INSERT INTO
			api_attachment
		(
			ATTACH_ID
			, TICKET_ID
			, CORP_GUBUN
			, FILE_NAME
			, SAVE_FILE_NAME
			, SAVE_FILE_PATH
			, FILE_SIZE
			, MIME_TYPE
			, FILE_DOWNLOAD_URL
			, CREATOR_KEY
			, CREATOR_NAME
			, CREATE_DATE
		)
		VALUES
		(
			#{attachId}
			, #{ticketId}
			, #{corpGubun}
			, #{fileName}
			, #{saveFileName}
			, #{saveFilePath}
			, #{fileSize}
			, #{mimeType}
			, #{fileDownloadUrl}
			, #{creatorKey}
			, #{creatorName}
			, #{createDate}
		)
	]]>
	</insert>

	<update id="updateAttachment" parameterType="skp.bo.api.jira.vo.AttachmentVO">
		UPDATE
			api_attachment
		SET
		<![CDATA[
			TICKET_ID = #{ticketId}
			, FILE_NAME = #{fileName}
			, SAVE_FILE_NAME = #{saveFileName}
			, SAVE_FILE_PATH = #{saveFilePath}
			, FILE_SIZE = #{fileSize}
			, MIME_TYPE = #{mimeType}
			, FILE_DOWNLOAD_URL = #{fileDownloadUrl}
			, CREATOR_KEY = #{creatorKey}
			, CREATOR_NAME = #{creatorName}
			, CREATE_DATE = #{createDate}
		]]>
		WHERE
			ATTACH_ID = #{attachId}
			AND CORP_GUBUN = #{corpGubun}
	</update>

	<sql id="api_attachment">
		SELECT
			ATTACH_ID
			, TICKET_ID
			, CORP_GUBUN
			, FILE_NAME
			, SAVE_FILE_NAME
			, SAVE_FILE_PATH
			, FILE_SIZE
			, MIME_TYPE
			, FILE_DOWNLOAD_URL
			, CREATOR_KEY
			, CREATOR_NAME
			, CREATE_DATE
		FROM api_attachment
	</sql>

	<select id="selectAttachmentList" parameterType="skp.bo.api.jira.vo.AttachmentVO" resultType="skp.bo.api.jira.vo.AttachmentVO">
		<include refid="api_attachment"/>
		WHERE
			TICKET_ID = #{ticketId}
			AND CORP_GUBUN = #{corpGubun}
	</select>

	<select id="selectAttachmentInfo" parameterType="skp.bo.api.jira.vo.AttachmentVO" resultType="skp.bo.api.jira.vo.AttachmentVO">
		<include refid="api_attachment"/>
		WHERE
			ATTACH_ID = #{attachId}
			AND CORP_GUBUN = #{corpGubun}
	</select>

	<sql id="api_sub_ticket_info">
		SELECT
			TICKET_ID
			,TICKET_ID
			,TICKET_KEY
			,SUMMARY
			,DESCRIPTION
			,CATEGORY
			,DIVISION
			,SECTION
			,STATUS
			,PRIORITY
			,DUE_DATE
			,RESOLUTION
			,RESOLUTION_DATE
			,COMPONENTS
			,LABELS
			,REPORTER_KEY
			,REPORTER_NAME
			,ASSIGNEE_KEY
			,ASSIGNEE_NAME
			,CREATE_DATE
			,UPDATE_DATE
			, TAG_NO
		FROM api_sub_ticket_info
	</sql>

	<select id="selectSubTicketInfo" parameterType="String" resultType="skp.bo.api.jira.vo.TicketInfoVO">
		<include refid="api_sub_ticket_info"/>
		WHERE
			TICKET_ID = #{ticketId}
	</select>

	<insert id="insertSubTicketInfo" parameterType="skp.bo.api.jira.vo.TicketInfoVO">
	<![CDATA[
		INSERT INTO
			api_sub_ticket_info
			(
			 TICKET_ID
			, TICKET_KEY
			, SUMMARY
			, DESCRIPTION
			, CATEGORY
			, DIVISION
			, SECTION
			, STATUS
			, PRIORITY
			, DUE_DATE
			, RESOLUTION
			, RESOLUTION_DATE
			, COMPONENTS
			, LABELS
			, REPORTER_KEY
			, REPORTER_NAME
			, ASSIGNEE_KEY
			, ASSIGNEE_NAME
			, CREATE_DATE
			, UPDATE_DATE
			, TAG_NO
			, PROC_YEAR
			)
		VALUES
			(
			 #{ticketId}
			, #{ticketKey}
			, #{summary}
			, #{description}
			, #{category}
			, #{division}
			, #{section}
			, #{status}
			, #{priority}
			, #{dueDate}
			, #{resolution}
			, #{resolutionDate}
			, #{components}
			, #{labels}
			, #{reporterKey}
			, #{reporterName}
			, #{assigneeKey}
			, #{assigneeName}
			, #{createDate}
			, #{updateDate}
			, #{tagNo}
			, DATE_FORMAT(curdate(), '%Y')
			)
	]]>
	</insert>

	<update id="updateSubTicketInfo" parameterType="skp.bo.api.jira.vo.TicketInfoVO">
		UPDATE
			api_sub_ticket_info
		SET
		<![CDATA[
			SUMMARY = #{summary}
			, DESCRIPTION = #{description}
			, CATEGORY = #{category}
			, DIVISION = #{division}
			, SECTION = #{section}
			, STATUS = #{status}
			, PRIORITY = #{priority}
			, DUE_DATE = #{dueDate}
			, RESOLUTION = #{resolution}
			, RESOLUTION_DATE = #{resolutionDate}
			, COMPONENTS = #{components}
			, LABELS = #{labels}
			, REPORTER_KEY = #{reporterKey}
			, REPORTER_NAME = #{reporterName}
			, ASSIGNEE_KEY = #{assigneeKey}
			, ASSIGNEE_NAME = #{assigneeName}
			, UPDATE_DATE = NOW()
		]]>
			<if test="tagNo != null">
			, TAG_NO = #{tagNo}
			</if>
		WHERE
			TICKET_ID = #{ticketId}
	</update>


</mapper>