<?xml version="1.0" encoding="UTF-8"?>
<!DOCTYPE mapper PUBLIC "-//mybatis.org//DTD Mapper 3.0//EN" "http://mybatis.org/dtd/mybatis-3-mapper.dtd" >
<mapper namespace="skp.bo.api.jira.mapper.PcMapper">


	<sql id="pc">
		SELECT
			seq
			,tag_no
			,ticket_id
			,ticket_key
			,prid_seq
			,model_code
			,use_code
			,machin_maker
			,machin_ip
			,first_tag
			,serial_no
			,mac_address
			,wless_mac_address
			,add_mac_address1
			,add_mac_address2
			,in_date
			,telsk_id
			,telsk_name
			,buy_price
			,warranty
			,telsk_group_id
			,telsk_group_name
			,setup_date
			,user_id
			,user_name
			,user_telno
			,admin_id
			,admin_name
			,use_location_code
			,use_location
			,use_location_dt
			,return_plan_date
			,change_plan_date
			,machin_type
			,netprt_tag_no
			,netprt_serial_no
			,use_status
			,idle_status
			,asset_code
			,asset_type
			,budget_type
			,budget_year
			,budget_month
			,settle_year
			,settle_month
			,note
			,regi_time
			,update_date
			,update_field
			,confirm_ok
			,amic_yn
			,budget_yn
			,left_cost
			,AFE_No
			,last_inspect
			,inspect_status
			,inspect_status_code
			,os_migration
			,adsl_yn
			,puid
			,machin_dns
			,machin_gateway
			,use_code_dt
			,onsite_agent_id
			,RAM_INFO
			,cid_code
		FROM PC
	</sql>

	<select id="selectPcList" parameterType="skp.bo.api.jira.vo.pc.PcVO" resultType="skp.bo.api.jira.vo.pc.PcVO">
		<include refid="pc"/>
		<where>
			<if test="seq != null">
			seq = #{seq}
			</if>
			<if test="tagNo != null">
			AND tag_no = #{tagNo}
			</if>
		</where>
		order by seq asc
	</select>

	<select id="selectPcInfo" parameterType="skp.bo.api.jira.vo.pc.PcVO" resultType="skp.bo.api.jira.vo.pc.PcVO">
		<include refid="pc"/>
		<where>
			<if test="seq != null">
			seq = #{seq}
			</if>
			<if test="tagNo != null">
			AND tag_no = #{tagNo}
			</if>
		</where>
		order by seq asc
	</select>

	<update id="updatePcAsset" parameterType="skp.bo.api.jira.vo.pc.PcVO">
		UPDATE
			PC
		SET
			UPDATE_DATE = now()
			<if test="ticketId != null">
			, TICKET_ID = #{ticketId}
			</if>
			<if test="ticketKey != null">
			, TICKET_KEY = #{ticketKey}
			</if>
			<if test="jiraResult != null">
			, JIRA_RESULT = #{jiraResult}
			</if>
			<if test="jiraResultMsg != null">
			, JIRA_RESULT_MSG = #{jiraResultMsg}
			</if>
			<if test="modelCode != null">
			, MODEL_CODE = #{modelCode}
			</if>
			<if test="useCode != null">
			, USE_CODE = #{useCode}
			</if>
			<if test="userId != null">
			, USER_ID = #{userId}
			</if>
			<if test="userName != null">
			, USER_NAME = #{userName}
			</if>
			<if test="adminId != null">
			, ADMIN_ID = #{adminId}
			</if>
			<if test="adminName != null">
			, ADMIN_NAME = #{adminName}
			</if>
			<if test="note != null">
			, NOTE = #{note}
			</if>
			<if test="returnPlanDate != null">
			, RETURN_PLAN_DATE = #{returnPlanDate}
			</if>
			<if test="useCode != null">
			, USE_CODE = #{useCode}
			</if>
			<if test="machinType != null">
			, MACHIN_TYPE = #{machinType}
			</if>
			<if test="useStatus != null">
			, USE_STATUS = #{useStatus}
			</if>
		WHERE
			TAG_NO = #{tagNo}
	</update>

	<sql id="oarequestdt">
		SELECT
			tag_no
			,use_name
			,request_code_nm
			,request_id
			,request_name
			,request_dept
			,admin_id
			,admin_name
			,admin_dept
			,user_id
			,user_name
			,user_dept
			,machin_type
			,use_location
			,use_location_dt
			,request_code
			,regi_time
			,ticket_time
			,pay_method
			,pay_date
			,prid_seq
			,chg_note
		FROM OAREQUESTDT
	</sql>

	<select id="selectOaRequestDtList" parameterType="String" resultType="skp.bo.api.jira.vo.pc.OaRequestDtVO">
		<include refid="oarequestdt"/>
		<where>
			TAG_NO = #{tagNo}
		</where>
	</select>


</mapper>