<?xml version="1.0" encoding="UTF-8"?>
<!DOCTYPE mapper PUBLIC "-//mybatis.org//DTD Mapper 3.0//EN" "http://mybatis.org/dtd/mybatis-3-mapper.dtd" >
<mapper namespace="skp.bo.api.jira.mapper.SwMapper">


	<sql id="sw">
		SELECT
			seq
			,software_base_seq
			,user_id
			,user_name
			,department_name
			,use_status
			,license
			,note
			,first_req_date
			,introduction_date
			,reg_date
			,mod_date
			,reg_user_id
			,mod_user_id
			,ticket_id
			,ticket_key
			,jira_result
			,jira_result_msg
		FROM SOFTWARE
	</sql>

	<select id="selectSwList" parameterType="skp.bo.api.jira.vo.sw.SwVO" resultType="skp.bo.api.jira.vo.sw.SwVO">
		<include refid="sw"/>
		WHERE 1=1
			<if test="seq != null">
			AND seq = #{seq}
			</if>
			<if test="jiraResult != null">
			AND JIRA_RESULT = #{jiraResult}
			</if>
		order by seq asc
	</select>

	<select id="selectSwInfo" parameterType="skp.bo.api.jira.vo.sw.SwVO" resultType="skp.bo.api.jira.vo.sw.SwVO">
		<include refid="sw"/>
		WHERE 1=1
			<if test="seq != null">
			AND seq = #{seq}
			</if>
			<if test="ticketKey != null">
			AND ticket_key = #{ticketKey}
			</if>
			<if test="swManagementNo != null">
			AND software_base_seq = (select seq from software_base where SW_MANAGEMENT_NO = #{swManagementNo})
			</if>
		order by seq asc
	</select>

	<select id="selectAvailableSwInfo" parameterType="skp.bo.api.jira.vo.sw.SwVO" resultType="skp.bo.api.jira.vo.sw.SwVO">
		<include refid="sw"/>
		WHERE 1=1
			<if test="seq != null">
			AND seq = #{seq}
			</if>
			<if test="ticketKey != null">
			AND ticket_key = #{ticketKey}
			</if>
			<if test="swManagementNo != null">
			AND software_base_seq = (select seq from software_base where SW_MANAGEMENT_NO = #{swManagementNo})
			</if>
			<if test="useStatus != null">
			AND USE_STATUS = #{useStatus}
			</if>
		LIMIT 1
	</select>

	<update id="updateSwAsset" parameterType="skp.bo.api.jira.vo.sw.SwVO">
		UPDATE
			SOFTWARE
		SET
			MOD_DATE = NOW()
			<if test="ticketId != null">
			, TICKET_ID = #{ticketId}
			</if>
			<if test="ticketKey != null">
			, TICKET_KEY = #{ticketKey}
			</if>
			<if test="jiraResult != null">
			, JIRA_RESULT = #{jiraResult}
			</if>
			<if test="jiraResultMsg != null">
			, JIRA_RESULT_MSG = #{jiraResultMsg}
			</if>
			<if test="userId != null">
			, USER_ID = #{userId}
			</if>
			<if test="userName != null">
			, USER_NAME = #{userName}
			</if>
			<if test="departmentName != null">
			, DEPARTMENT_NAME = #{departmentName}
			</if>
			<if test="useStatus != null">
			, USE_STATUS = #{useStatus}
			</if>
			<if test="note != null">
			, NOTE = #{note}
			</if>
			<if test="firstReqDate != null">
			, FIRST_REQ_DATE = NOW()
			</if>
			<if test="modUserId != null">
			, MOD_USER_ID = #{modUserId}
			</if>
		WHERE
			SEQ = #{seq}
	</update>

	<insert id="insertSwInfo" parameterType="skp.bo.api.jira.vo.sw.SwVO" useGeneratedKeys="true" keyProperty="seq">

			INSERT INTO
				SOFTWARE
			(
				SOFTWARE_BASE_SEQ ,
				DEPARTMENT_NAME,
				USER_ID,
				USER_NAME,
				LICENSE,
				NOTE,
				FIRST_REQ_DATE,
				INTRODUCTION_DATE,
				REG_DATE,
				REG_USER_ID
			)
			VALUES
			(
				#{softwareBaseSeq},
				#{departmentName},
				#{userId},
				#{userName},
				#{license},
				#{note},
				NOW(),
				#{introductionDate},
				NOW(),
				#{regUserId}
			)
	</insert>

	<sql id="swBase">
		SELECT
			SEQ
			,SW_MANAGEMENT_NO
			,STANDARD_TYPE
			,CONTRACT_TYPE
			,USAGE_TYPE
			,USAGE_DETAIL
			,SOFTWARE_NAME
			,TCO_SOFTWARE_NAME
			,SOFTWARE_DEVELOPER
			,CONTRACT_COUNT
			,MANAGEMENT_COUNT
			,EVIDENCE_YN
			,EVIDENCE_TYPE
			,SOFTWARE_PUBLISHER
			,CERTIFICATION_KEY
			,CERTIFICATION_TYPE
			,CERTIFICATION_GROUP
			,INSTALL_STEP
			,INSTALL_TYPE
			,INSTALL_URL
			,NOTE
			,REG_DATE
			,MOD_DATE
			,REG_USER_ID
			,MOD_USER_ID
			,(SELECT SW.LICENSE FROM SOFTWARE SW WHERE SW.SOFTWARE_BASE_SEQ = BASE.SEQ LIMIT 1) AS LICENSE
		FROM SOFTWARE_BASE BASE
	</sql>

	<select id="selectSwBaseList" parameterType="skp.bo.api.jira.vo.sw.SwBaseVO" resultType="skp.bo.api.jira.vo.sw.SwBaseVO">
		<include refid="swBase"/>
		<where>
			<if test="seq != null">
			SEQ = #{seq}
			</if>
		</where>
		ORDER BY SEQ ASC
	</select>

	<select id="selectSwBaseInfo" parameterType="skp.bo.api.jira.vo.sw.SwBaseVO" resultType="skp.bo.api.jira.vo.sw.SwBaseVO">
		<include refid="swBase"/>
		WHERE 1=1
			<if test="seq != null">
			AND SEQ = #{seq}
			</if>
			<if test="swManagementNo != null">
			AND SW_MANAGEMENT_NO = #{swManagementNo}
			</if>
		ORDER BY SEQ ASC
	</select>


</mapper>