<?xml version="1.0" encoding="UTF-8"?>
<beans:beans xmlns="http://www.springframework.org/schema/mvc"
	xmlns:xsi="http://www.w3.org/2001/XMLSchema-instance"
	xmlns:beans="http://www.springframework.org/schema/beans"
	xmlns:context="http://www.springframework.org/schema/context"
	xmlns:mvc="http://www.springframework.org/schema/mvc"
	xsi:schemaLocation="
	http://www.springframework.org/schema/mvc
	http://www.springframework.org/schema/mvc/spring-mvc-4.3.xsd
	http://www.springframework.org/schema/beans
	http://www.springframework.org/schema/beans/spring-beans-4.3.xsd
	http://www.springframework.org/schema/context
	http://www.springframework.org/schema/context/spring-context-4.3.xsd">

	<!-- Root Context: defines shared resources visible to all other web components -->

	<annotation-driven />

	<context:component-scan base-package="skp.bo">
		<context:exclude-filter type="annotation" expression="org.springframework.stereotype.Controller" />
	</context:component-scan>

	<beans:bean id="restTemplate" class="org.springframework.web.client.RestTemplate">
		<beans:property name="messageConverters" ref="jsonConverter" />
	</beans:bean>

	<beans:bean id="jsonConverter"
		class="org.springframework.http.converter.json.MappingJackson2HttpMessageConverter">
		<beans:property name="prefixJson" value="false" />
		<beans:property name="prettyPrint" value="true" />
		<beans:property name="supportedMediaTypes" value="application/json" />
		<beans:property name="objectMapper">
			<beans:bean class="com.fasterxml.jackson.databind.ObjectMapper">
				<beans:property name="serializationInclusion" value="NON_NULL" />
			</beans:bean>
		</beans:property>
	</beans:bean>


</beans:beans>
