<?xml version="1.0" encoding="UTF-8"?>
<!DOCTYPE mapper PUBLIC "-//mybatis.org//DTD Mapper 3.0//EN" "http://mybatis.org/dtd/mybatis-3-mapper.dtd">

<mapper namespace="skp.bo.api.common.mapper.CodeMapper">

	<select id="selectOne" resultType="skp.bo.api.common.vo.Code">
	SELECT CODE_ID,
	       PARENT_CODE_ID,
	       CODE_NAME,
	       DESCRIPTION,
	       DISPLAY_ORDER,
	       USE_STATE
	  FROM CODE
	<where>
	  <if test="codeId != null and !''.equals(codeId)">
	       CODE_ID = #{codeId}
	  </if>
	  <if test="parentCodeId != null and !''.equals(parentCodeId)">
	   AND PARENT_CODE_ID = #{parentCodeId}
	  </if>
	  <if test="useState != null and !''.equals(useState)">
	   AND USE_STATE = #{useState}
	  </if>
	  <if test="codeName != null and !''.equals(codeName)">
	   AND CODE_NAME = #{codeName}
	  </if>
	</where>
	</select>

</mapper>