<?xml version="1.0" encoding="UTF-8"?>
<!DOCTYPE log4j:configuration PUBLIC "-//APACHE//DTD LOG4J 1.2//EN" "log4j.dtd">
<log4j:configuration xmlns:log4j="http://jakarta.apache.org/log4j/">

	<!-- Appenders -->
	<appender name="console" class="org.apache.log4j.ConsoleAppender">
		<param name="Target" value="System.out" />
		<layout class="org.apache.log4j.PatternLayout">
			<param name="ConversionPattern" value="[%d][%c][%p] - %m%n" />
		</layout>
	</appender>


	<appender name="ERROR_FILE" class="org.apache.log4j.DailyRollingFileAppender">
		<param name="Threshold" value="ERROR"/>
		<param name="datePattern" value="'.'yyyy-MM-dd"/>
        <param name="File" value="/app/tomcat/logs/ibas_api_error.log" />
		<layout class="org.apache.log4j.PatternLayout">
			<param name="ConversionPattern" value="[%d][%c][%p]- %m%n" />
		</layout>
	</appender>

	<appender name="IF_JIRA_LOG" class="org.apache.log4j.DailyRollingFileAppender">
		<param name="datePattern" value="'.'yyyy-MM-dd"/>
        <param name="File" value="/app/tomcat/logs/if_jira.log" />
		<layout class="org.apache.log4j.PatternLayout">
			<param name="ConversionPattern" value="[%d][%c][%p]- %m%n" />
		</layout>
	</appender>

	<appender name="IF_HIOMS_LOG" class="org.apache.log4j.DailyRollingFileAppender">
		<param name="datePattern" value="'.'yyyy-MM-dd"/>
        <param name="File" value="/app/tomcat/logs/if_hioms.log" />
		<layout class="org.apache.log4j.PatternLayout">
			<param name="ConversionPattern" value="[%d][%c][%p]- %m%n" />
		</layout>
	</appender>

	<appender name="IF_SILHOUET_LOG" class="org.apache.log4j.DailyRollingFileAppender">
		<param name="datePattern" value="'.'yyyy-MM-dd"/>
        <param name="File" value="/app/tomcat/logs/if_silhouet.log" />
		<layout class="org.apache.log4j.PatternLayout">
			<param name="ConversionPattern" value="[%d][%c][%p]- %m%n" />
		</layout>
	</appender>


	<!-- Application Loggers -->
	<logger name="skp.bo">
		<level value="debug" />
		<appender-ref ref="ERROR_FILE"/>
	</logger>

	<logger name="org.springframework">
		<level value="error" />
		<appender-ref ref="ERROR_FILE"/>
	</logger>

	<!-- 3rdparty Loggers -->
	<logger name="org.springframework.core">
		<level value="debug" />
	</logger>

	<logger name="org.springframework.beans">
		<level value="debug" />
	</logger>

	<logger name="org.springframework.context">
		<level value="debug" />
	</logger>

	<logger name="org.springframework.web">
		<level value="debug" />
	</logger>

	<!-- Root Logger -->
	<root>
		<priority value="warn" />
		<appender-ref ref="console" />
		<appender-ref ref="ERROR_FILE"/>
	</root>

</log4j:configuration>
