<?xml version="1.0" encoding="UTF-8"?>
<beans xmlns="http://www.springframework.org/schema/beans"
	xmlns:xsi="http://www.w3.org/2001/XMLSchema-instance" xmlns:tx="http://www.springframework.org/schema/tx"
	xsi:schemaLocation="http://www.springframework.org/schema/beans http://www.springframework.org/schema/beans/spring-beans-4.3.xsd
		http://www.springframework.org/schema/tx http://www.springframework.org/schema/tx/spring-tx-4.3.xsd">


	<bean id="dataSource" class="org.apache.commons.dbcp.BasicDataSource"
		destroy-method="close">
		<property name="driverClassName" value="net.sf.log4jdbc.DriverSpy" />
		<property name="url" value="${jdbc.url}" />
		<property name="username" value="${jdbc.username}" />
		<property name="password" value="${jdbc.password}" />
		<property name="validationQuery" value="select 1"/>
		<property name="testWhileIdle" value="true"/>
		<property name="timeBetweenEvictionRunsMillis" value="7200000"/>
	</bean>

	<!-- SqlSession -->
	<bean id="sqlSessionFactory" class="org.mybatis.spring.SqlSessionFactoryBean">
		<property name="dataSource" ref="dataSource" />
		<property name="configLocation" value="classpath:skp/bo/api/spring/context-mybatis.xml" />
		<property name="mapperLocations" value="classpath:skp/bo/api/**/sqlmap/**/*SqlMap.xml" />
	</bean>

	<!-- SqlSession -->
	<bean id="sqlSession" class="org.mybatis.spring.SqlSessionTemplate"	destroy-method="clearCache">
		<constructor-arg name="sqlSessionFactory" ref="sqlSessionFactory" />
	</bean>

	<!-- 지정된 베이스 패키지에서 DAO(Mapper) 를 검색하여 등록합니다. -->
	<bean class="org.mybatis.spring.mapper.MapperScannerConfigurer">
		<property name="basePackage" value="skp/bo/api/**/mapper" />
	</bean>

	<!-- 트랜잭션 매니저 bean 을 등록합니다. -->
	<bean id="transactionManager" class="org.springframework.jdbc.datasource.DataSourceTransactionManager">
		<property name="dataSource" ref="dataSource" />
	</bean>

	<!-- 아노테이션 기반의 트랜잭션을 사용합니다. -->
	<tx:annotation-driven transaction-manager="transactionManager" />


</beans>