<?xml version="1.0" encoding="UTF-8"?>
<!DOCTYPE mapper PUBLIC "-//mybatis.org//DTD Mapper 3.0//EN" "http://mybatis.org/dtd/mybatis-3-mapper.dtd" >
<mapper namespace="skp.bo.api.hioms.mapper.HiOmsMapper">

	<sql id="hiomsInfo">
		SELECT
			TICKET_ID
			, TICKET_KEY
			, IF_GUBUN
			, REQUEST_NUMBER
			, CORP_GUBUN
			, REQUEST_SEND_YN
			, DATE_FORMAT(REQUEST_SEND_DAY, '%Y%m%d') AS REQUEST_SEND_DAY
			, REQUEST_USER_ID
			, REQUEST_OMS_USER_ID
			, REQUEST_RESULT_YN
			, REQUEST_REPONSE
			, REQUEST_RESULT_DESC
			, CREATE_DATE
			, UPDATE_DATE
		FROM api_hioms_request_info
	</sql>

	<select id="selectHiomsInfo"
		parameterType="skp.bo.api.hioms.vo.HiOmsRequestInfoVO"
		resultType="skp.bo.api.hioms.vo.HiOmsRequestInfoVO">
		<include refid="hiomsInfo"/>
		WHERE
			1=1
			<if test="ticketId != null">
			AND TICKET_ID = #{ticketId}
			</if>
			<if test="ifGubun != null">
			AND IF_GUBUN = #{ifGubun}
			</if>
			<if test="requestResultYn == 'EN'">
			AND REQUEST_RESULT_YN IN ('E', 'N')
			</if>
			<if test="searchRequestNumber != null">
			AND REQUEST_NUMBER = #{searchRequestNumber}
			</if>
	</select>

	<select id="selectHiomsInfoById"
		parameterType="Integer"
		resultType="skp.bo.api.hioms.vo.HiOmsRequestInfoVO">
		<include refid="hiomsInfo"/>
		WHERE
			TICKET_ID = #{ticketId}
			AND CORP_GUBUN = #{corpGubun}
			<if test="ifGubun != null">
			AND IF_GUBUN = #{ifGubun}
			</if>
	</select>

	<select id="selectRequestNumber" resultType="Integer">
		SELECT
			MAX(RIGHT(REQUEST_NUMBER, 11)) + 1
		FROM API_HIOMS_REQUEST_INFO
		WHERE
			DATE_FORMAT(CREATE_DATE, '%Y-%m-%d')  = DATE_FORMAT(NOW(), '%Y-%m-%d')
	</select>

	<update id="updateRequestInfo" parameterType="skp.bo.api.hioms.vo.HiOmsRequestInfoVO">
		UPDATE
			api_hioms_request_info
		SET
			REQUEST_NUMBER = #{requestNumber}
			<if test="ifGubun != null">
			, IF_GUBUN = #{ifGubun}
			</if>
			<if test="requestSendYn != null">
			, REQUEST_SEND_YN = #{requestSendYn}
			</if>
			<if test="requestUserId != null">
			, REQUEST_USER_ID = #{requestUserId}
			</if>
			<if test="requestOmsUserId != null">
			, REQUEST_OMS_USER_ID = #{requestOmsUserId}
			</if>
			<if test="requestResultYn != null">
			, REQUEST_RESULT_YN = #{requestResultYn}
			</if>
			<if test="requestReponse != null">
			<![CDATA[
			, REQUEST_REPONSE = #{requestReponse}
			]]>
			</if>
			<if test="requestResultDesc != null">
			<![CDATA[
			, REQUEST_RESULT_DESC = #{requestResultDesc}
			]]>
			</if>
			<if test="requestSendDay != null">
			, REQUEST_SEND_DAY = now()
			</if>
			<if test="createDate != null">
			, CREATE_DATE = now()
			</if>
			<if test="updateDate != null">
			, UPDATE_DATE = now()
			</if>
		WHERE
			TICKET_ID = #{ticketId}
			AND CORP_GUBUN = #{corpGubun}
			<if test="searchRequestNumber != null">
			AND REQUEST_NUMBER = #{searchRequestNumber}
			</if>
			<if test="ifGubun != null">
			AND IF_GUBUN = #{ifGubun}
			</if>
	</update>

	<insert id="insertRequestInfo" parameterType="skp.bo.api.hioms.vo.HiOmsRequestInfoVO">
	<![CDATA[
		INSERT INTO
			api_hioms_request_info
			(
			TICKET_ID
			, TICKET_KEY
			, IF_GUBUN
			, CORP_GUBUN
			, REQUEST_NUMBER
			, REQUEST_SEND_YN
			, REQUEST_SEND_DAY
			, REQUEST_USER_ID
			, REQUEST_OMS_USER_ID
			, REQUEST_RESULT_YN
			, REQUEST_REPONSE
			, REQUEST_RESULT_DESC
			, CREATE_DATE
			, UPDATE_DATE
			)
		VALUES
			(
			#{ticketId}
			, #{ticketKey}
			, #{ifGubun}
			, #{corpGubun}
			, #{requestNumber}
			, #{requestSendYn}
			, NOW()
			, #{requestUserId}
			, #{requestOmsUserId}
			, #{requestResultYn}
			, #{requestReponse}
			, #{requestResultDesc}
			, now()
			, #{updateDate}
			)
	]]>
	</insert>

	<select id="selectILMpersonInfo" parameterType="String" resultType="skp.bo.api.hioms.vo.ILMpersonInfoVO">
		SELECT
			EMPNO
			,HNAME
			,ENAME
			,REGNO
			,INDEPT
			,DEPTNM
			,SOSOK
			,TSOSOK
			,INTELNO
			,MOVETELNO
			,EMAIL
		FROM inf_person_info_rcv
		WHERE
			EMPNO = #{empno}
	</select>

	<select id="selectHiOmsUserList" parameterType="String" resultType="skp.bo.api.hioms.vo.HiOmsUserVO">
		SELECT
			USER_ID
			,HIOMS_ID
			,HIOMS_YN
			,SILHOUETTE_YN
			,REG_DATE
		FROM
			HIOMS_USER
		WHERE
			USER_ID = #{userId}
	</select>



</mapper>